9.36737882,14.84003195,17.65775954,23.98199257,24.29507341,19.88689514,24.87114216,25.67262912,29.5673548,35.31551908,25.72272205,31.95929244,36.21719191,38.54651338,38.90968716,32.62302383,41.10125306,12.54828018,26.88738279,2.316798238,35.55346052,66.02248815,50.24321367,28.60306581,23.41844705,55.15232129,49.59200552,44.00664328,51.68338555,44.14439885,33.73759163,58.04518828,12.37295491,27.56363741,29.4986749,12.31679824,33.41844705,38.41844705,26.75,67.31666667,57,80.71666667,79.08333333,74.83333333,67.61666667,58.43333333,32.56666667,70.06666667,57.6,85.15,0,6.766666667,10.48333333,13.9,17.48333333,20.68333333,24.51666667,28.68333333,30.66666667,7.283333333,13.48333333,17.08333333,20.15,23.18333333,26.65,30.71666667,32.76666667,36.71666667,15.43333333,21.21666667,24.85,28.28333333,30.36666667,33.28333333,37.36666667,39.31666667,44.91666667,23.8,25.68333333,29.28333333,33.18333333,36.11666667,38.13333333,39.08333333,43.05,47.41666667,19.1,61.33333333,62.75,59.15,50.38333333,41.2
3.243517533,8.703647433,11.52137502,17.85813128,18.15868889,13.76303385,18.74728087,19.54876783,23.44349352,29.17913456,19.58633753,25.83543116,30.08080739,35.42822818,32.78582587,26.46159284,34.96486854,7.726835203,24.93375833,3.80706305,29.417076,59.89862687,47.51314872,22.55434392,24.64572395,52.4473028,43.455621,37.87025876,45.54700103,39.13510536,38.54651338,51.90880375,17.95831715,33.09890671,34.42030575,13.80706305,34.64572395,39.64572395,31.66666667,60.38333333,53.3,75.28333333,72.15,67.9,65.41666667,51.5,25.63333333,68.88333333,50.66666667,78.21666667,5.733333333,0,3.55,6.966666667,10.55,13.75,17.58333333,21.75,23.73333333,12.35,6.716666667,10.13333333,13.73333333,16.25,19.71666667,23.78333333,25.83333333,29.78333333,20.31666667,14.45,17.88333333,21.46666667,23.43333333,26.35,30.43333333,32.38333333,37.98333333,28.96666667,26.13333333,22.91666667,26.25,29.75,31.2,32.15,36.11666667,40.48333333,24.21666667,57.95,57.3,52.21666667,43.45,34.26666667
4.333038866,5.284804628,8.115055448,14.43928848,14.73984608,10.33166782,15.32843807,16.12992503,20.02465071,25.77281499,16.18001796,22.41658835,26.66196458,28.99128605,29.36698307,23.06779651,31.54602573,11.14567801,28.35260113,7.225905854,25.9982332,56.47978406,45.84755864,19.06036172,28.10213646,49.02846,40.03677819,34.45141595,42.12815822,35.74130903,42.01544912,48.50248418,21.38968319,36.53027275,38.40269407,17.22590585,38.10213646,43.10213646,34.75,56.66666667,49.58333333,71.56666667,68.43333333,64.18333333,65.85,47.78333333,21.91666667,70.1,46.95,74.5,8.95,3.05,0,3.25,6.833333333,10.03333333,13.86666667,18.03333333,20.01666667,15.66666667,9.716666667,6.6,10.03333333,12.53333333,16,20.06666667,22.11666667,26.06666667,23.38333333,17.5,14.36666667,17.78333333,19.71666667,22.63333333,26.71666667,28.66666667,34.26666667,32.05,29.35,25.96666667,22.53333333,25.81666667,27.48333333,28.43333333,32.4,36.76666667,27.3,54.23333333,53.58333333,48.5,39.73333333,30.55
7.764404904,1.815868889,4.671166176,10.9578295,11.30848005,6.912825011,11.8845488,12.68603575,16.58076144,22.32892572,12.73612869,18.97269908,23.23059854,28.57801934,25.92309379,19.62390723,28.11465969,14.60209051,31.82153687,10.66979513,22.55434392,53.03589479,48.41482155,16.64337761,31.50845603,47.60081136,36.60541215,31.02004992,38.69679218,38.04558403,45.42176869,45.05859491,24.83357246,39.97416202,41.29556106,20.66979513,41.50845603,46.50845603,38.26666667,53.33333333,48.95,68.23333333,65.1,60.85,65.95,44.45,18.58333333,70,43.61666667,71.16666667,12.56666667,6.666666667,3.45,0,3.333333333,6.533333333,10.36666667,14.53333333,16.51666667,18.91666667,13.26666667,9.983333333,6.733333333,9.2,12.66666667,16.73333333,18.78333333,22.73333333,26.88333333,21.03333333,17.73333333,14.53333333,16.38333333,19.3,23.38333333,25.33333333,30.93333333,35.56666667,32.51666667,29.31666667,25.88333333,22.7,24.15,25.1,29.06666667,33.43333333,30.81666667,53.56666667,50.25,45.16666667,36.4,27.21666667
11.18324771,4.195283295,1.628020383,7.977299877,7.889637241,8.653554498,9.354855586,10.24400518,14.16377733,19.98708101,11.65913059,17.48243427,21.6526711,24.0696552,24.43282898,22.05341457,26.62439488,18.02093332,35.20280998,14.0761147,19.14802435,51.54562998,51.82114112,20.04969718,34.989915,50.36844601,35.11514734,29.21670426,37.20652737,41.4894733,48.90322766,43.5683301,28.27746173,43.21767956,45.29047261,24.0761147,44.989915,49.989915,41.7,51.6,49.88333333,66.5,63.36666667,59.11666667,67.05,42.71666667,14.91666667,71.13333333,41.88333333,69.43333333,16.01666667,10.11666667,6.9,3.283333333,0,3.033333333,6.866666667,11.03333333,13.01666667,22.35,16.73333333,13.45,10.01666667,6.683333333,10.01666667,14.08333333,16.1,20.05,30.35,24.46666667,21.16666667,17.8,14.81666667,17.56666667,21.65,23.6,29.2,39,36.05,33.03333333,29.28333333,25.76666667,22.58333333,23.36666667,27.33333333,31.7,34.25,54.66666667,48.51666667,43.43333333,34.66666667,25.48333333
14.62713698,7.639172567,3.982388322,4.533410605,4.445747969,12.0723973,5.89844308,6.800115908,10.71988806,16.54319174,15.04040369,15.64151891,18.20878182,23.33078441,27.38831214,25.45973415,25.81038469,21.42725289,38.69679218,17.52000397,15.70413508,50.86937536,55.26503039,23.46853998,38.38371134,53.79981205,33.18656935,25.81038469,36.51774952,44.90831611,52.297024,42.87955225,31.67125807,46.81184763,48.1457699,27.52000397,48.38371134,53.38371134,45.43333333,51.13333333,53.75,66.03333333,62.9,58.65,68.61666667,42.25,11.71666667,72.98333333,41.41666667,68.96666667,19.78333333,13.88333333,10.66666667,7.05,3.6,0,3.666666667,7.833333333,9.816666667,26.06666667,20.43333333,17.15,13.73333333,10.25,6.983333333,10.85,12.86666667,16.81666667,34.06666667,28.13333333,24.85,21.78333333,18.38333333,15.05,18.85,20.8,26.36666667,42.73333333,39.78333333,36.6,32.88333333,29.58333333,26.18333333,23,26.65,31.01666667,37.98333333,56.58333333,48.05,42.96666667,34.2,25.01666667
18.5343859,11.54642149,7.877114008,3.531551908,0.53849905,15.96712299,6.123861287,10.70736483,6.812639142,12.63594282,18.93512938,19.5362446,14.3015329,17.06916756,31.25799136,29.35445983,24.29507341,25.33450181,42.55394817,21.42725289,11.79688616,49.79237726,59.13470961,27.35074244,42.22834409,57.6444448,29.24175073,21.90313577,35.09010087,48.80304179,56.14165675,46.74923146,35.59103022,50.70657332,52.59151787,31.42725289,52.22834409,57.22834409,49.58333333,50.15,57.71666667,64.78333333,61.65,55.56666667,71.16666667,41,8.05,75.71666667,38.7,66.55,23.78333333,17.88333333,14.66666667,11.05,7.6,3.833333333,0,4,5.983333333,30.21666667,24.61666667,21.33333333,17.95,14.43333333,10.98333333,7.216666667,9.066666667,13.01666667,38.21666667,32.33333333,29.03333333,25.78333333,22.38333333,18.96666667,15.18333333,16.96666667,22.53333333,46.88333333,43.8,40.6,37.13333333,33.61666667,30.36666667,26.93333333,23.01666667,27.21666667,42.13333333,60.51666667,51.2,46.45,37.61666667,28.88333333
22.40406512,15.4161007,11.64660736,7.31356849,4.333038866,19.73661634,9.893354636,14.57704405,10.68231836,8.791310069,22.69209949,23.40592382,13.50004595,15.55385628,35.12767057,33.22413905,28.16475263,29.09147192,46.41110415,25.29693211,8.039916046,47.04978907,62.46588978,31.22042166,46.09802331,61.20104317,25.35954828,18.02093332,36.01682017,52.07160579,59.99881274,50.09293487,39.46070944,54.46354343,55.7974657,35.29693211,56.09802331,61.09802331,53.56666667,53.66666667,61.23333333,65.23333333,61.95,51.16666667,74.68333333,37.95,3.866666667,79.25,34.61666667,62.13333333,28.01666667,22.11666667,18.9,15.28333333,11.83333333,8.066666667,4.066666667,0,1.983333333,34.21666667,28.6,25.31666667,21.93333333,18.41666667,14.98333333,11.2,9.15,9.016666667,42.23333333,36.51666667,33.21666667,29.85,26.45,23.03333333,19.25,17.18333333,18.96666667,50.86666667,47.86666667,44.66666667,41.2,37.68333333,34.43333333,31,27.08333333,24.86666667,46.11666667,64.05,54.71666667,49.98333333,41.13333333,32.95
24.37021281,17.3822484,13.71294092,9.36737882,6.374325962,21.8029499,11.9596882,16.54319174,12.64846605,9.279716184,24.72086336,25.33450181,15.55385628,17.25701606,37.08129503,35.17776351,30.11837709,31.17032872,48.36472861,27.2630798,10.10624961,45.08364138,64.406991,33.14899965,48.08921747,62.94177266,23.39340058,16.04226239,37.9954911,54.01270702,61.46403108,52.03403609,41.3767642,56.57996993,57.86379926,37.2630798,58.08921747,63.08921747,55.8,55.68333333,63.25,65.68333333,59.8,49.38333333,75.31666667,35.96666667,1.733333333,79.86666667,32.53333333,60.36666667,30.16666667,24.26666667,21.05,17.43333333,13.98333333,10.21666667,6.216666667,2.15,0,36.43333333,30.83333333,27.55,24.16666667,20.65,17.2,13.43333333,11.41666667,7.033333333,44.3,38.23333333,34.93333333,31.56666667,28.16666667,24.75,20.96666667,18.85,16.7,52.71666667,49.58333333,46.38333333,42.91666667,39.4,36.01666667,32.71666667,28.8,25.21666667,48.35,66.05,56.73333333,51.98333333,43.15,34.63333333
16.1925412,21.67771756,22.65452979,30.83220141,30.03071445,14.58956728,24.23245724,20.33773156,23.75657436,29.09147192,19.59886077,25.72272205,29.96809828,32.29741975,32.67311677,25.27188564,34.85215943,5.22218846,20.08726688,9.70550613,42.35357643,59.78591776,42.84198254,21.30202055,16.61833114,47.75109016,43.34291189,37.75754966,45.43429192,36.74316772,26.33636051,51.79609465,4.971723785,20.16240628,22.04735084,19.70550613,26.61833114,31.61833114,19.01666667,60.38333333,49.68333333,73.4,72.83333333,68.58333333,60,52.18333333,35.78333333,62.51666667,51.35,78.9,7.35,13.73333333,17.26666667,20.71666667,24.25,27.4,31.4,35.3,37.35,0,6.3,9.883333333,13.45,16.93333333,20.43333333,24.46666667,26.51666667,30.46666667,8.116666667,14,17.61666667,21.08333333,24.11666667,27.03333333,31.11666667,33.06666667,38.66666667,16.31666667,18.48333333,22.08333333,25.95,29.38333333,31.88333333,32.83333333,36.8,41.16666667,11.56666667,54,55.43333333,52.98333333,44.13333333,34.95
10.29409811,15.77927448,16.79365641,24.93375833,24.13227137,8.678600966,18.52186267,14.43928848,17.85813128,23.19302884,13.68789445,19.82427897,24.0696552,29.417076,26.77467369,19.41101226,28.95371635,0.676254621,17.88317775,10.85764363,36.45513335,53.88747468,40.46256814,15.40357747,17.58262014,45.38419899,37.44446881,31.85910657,39.53584884,32.08452478,31.4959328,45.89765157,10.90773657,26.02327966,27.40729487,20.85764363,27.58262014,32.58262014,24.86666667,54.6,46.53333333,69.5,66.36666667,62.11666667,58.66666667,45.71666667,29.31666667,62.13333333,44.88333333,72.43333333,12.4,7.266666667,10.8,14.23333333,17.78333333,20.93333333,24.85,28.83333333,30.88333333,5.783333333,0,3.416666667,6.983333333,10.46666667,13.96666667,18,20.05,24,13.4,7.7,11.13333333,14.71666667,17.65,20.56666667,24.65,26.6,32.2,21.81666667,19.3,16.13333333,19.48333333,22.91666667,25.41666667,26.36666667,30.33333333,34.7,17.68333333,51.18333333,51.51666667,46.43333333,37.66666667,28.48333333
11.39614268,12.37295491,13.34976714,21.52743876,20.71342857,5.309851096,15.09049663,11.0329689,14.43928848,19.78670927,10.26905165,16.40543617,20.66333563,22.9926571,23.36835411,16.00469269,25.54739678,4.082574192,21.28949732,14.28900967,33.04881378,50.48115511,38.78445482,11.9972579,21.00146294,41.97787942,34.03814924,28.452787,36.12952927,28.69072844,34.9147756,42.491332,14.32657937,29.46716893,31.35211349,24.28900967,31.00146294,36.00146294,28.41666667,51.01666667,42.95,65.91666667,62.78333333,58.53333333,59.21666667,42.13333333,25.73333333,63.46666667,41.3,68.85,15.75,10.38333333,7.383333333,10.63333333,14.2,17.35,21.25,25.25,27.3,9.066666667,3.116666667,0,3.4,6.883333333,10.38333333,14.41666667,16.46666667,20.41666667,16.75,10.81666667,7.733333333,11.15,14.06666667,16.98333333,21.06666667,23.01666667,28.61666667,25.16666667,22.48333333,19.28333333,15.9,19.18333333,21.83333333,22.78333333,26.75,31.11666667,20.96666667,47.6,47.93333333,42.85,34.08333333,24.9
14.84003195,8.92906564,9.930924337,18.07102625,17.2695393,1.840915356,11.69670029,7.589079632,10.9953992,16.34282,6.812639142,12.9615469,17.21944636,22.56686716,19.91194161,12.54828018,22.09098428,7.526463464,24.73338659,17.74542218,29.59240127,47.02474261,41.3391945,9.567750559,24.43282898,40.52518431,30.58173674,25.00889773,32.67311677,30.96995698,38.34614164,39.04744273,17.75794541,32.91105821,34.27002694,27.74542218,34.43282898,39.43282898,31.8,47.45,42.11666667,62.35,59.21666667,54.96666667,59.18333333,38.56666667,22.16666667,63.23333333,37.73333333,65.28333333,19.15,13.8,10.63333333,7.233333333,10.56666667,13.75,17.76666667,21.68333333,23.73333333,12.45,6.5,3.216666667,0,3.316666667,6.816666667,10.85,12.9,16.85,20.11666667,14.2,10.95,7.766666667,10.5,13.41666667,17.5,19.45,25.05,28.53333333,25.75,22.66666667,19.11666667,15.76666667,18.26666667,19.21666667,23.18333333,27.55,24.35,46.8,44.36666667,39.28333333,30.51666667,21.33333333
16.84374935,10.21895871,6.487035065,15.04040369,13.85069649,3.581644843,8.240287785,4.157713594,7.576556398,12.91145396,4.596026774,10.41933045,14.57704405,17.3446787,17.36972516,14.99031076,19.56129107,10.94530627,28.15222939,20.09979011,26.17355847,44.48252616,44.7580373,12.98659336,27.87671825,43.29281896,28.03952029,22.17864691,30.13090032,34.42636949,41.77750768,36.50522628,21.21435792,36.34242425,38.21484556,30.09979011,37.87671825,42.87671825,35.31666667,44.88333333,43.16666667,59.78333333,56.65,52.4,60.33333333,36,18.68333333,64.41666667,35.16666667,62.71666667,22.3,16.4,13.18333333,9.733333333,7.283333333,10.3,14.3,18.2,20.25,15.96666667,10.01666667,6.733333333,3.35,0,3.333333333,7.366666667,9.416666667,13.36666667,23.8,17.71666667,14.46666667,11.25,8.1,10.85,14.93333333,16.88333333,22.48333333,32.61666667,29.33333333,26.18333333,22.63333333,19.11666667,15.86666667,16.65,20.61666667,24.98333333,27.86666667,47.95,41.8,36.71666667,27.95,18.76666667
20.27511539,13.65032475,8.878972705,11.58399119,10.41933045,7.025534115,4.808921747,0.738870789,4.14519036,9.492611157,7.989823111,8.59093833,11.15820124,16.31777353,20.35025479,18.4216768,18.77232734,14.37667231,31.58359543,23.53115615,22.74219243,43.81879477,48.18940334,16.43048264,31.29556106,46.74923146,26.12346553,18.75980411,29.46716893,37.87025876,45.20887372,35.8414949,24.63320072,39.76126705,41.12023579,33.53115615,41.29556106,46.29556106,38.71666667,44.11666667,46.73333333,59.01666667,55.88333333,51.63333333,61.6,35.23333333,15.15,65.96666667,34.4,61.95,25.66666667,19.76666667,16.55,13.1,10.51666667,6.933333333,10.76666667,14.66666667,16.71666667,19.36666667,13.41666667,10.13333333,6.75,3.233333333,0,3.866666667,5.883333333,9.833333333,27.05,21.11666667,17.86666667,14.48333333,11.36666667,8.033333333,11.8,13.75,19.31666667,35.46666667,32.81666667,29.58333333,26.03333333,22.51666667,19.1,15.98333333,19.6,23.96666667,31.26666667,49.56666667,41.03333333,35.95,27.18333333,18
24.18236431,17.55757367,12.78622162,10.58213249,6.512081533,10.9202598,5.046863188,4.646119709,0.237941441,5.585362238,11.8845488,12.48566402,7.250952322,10.01858697,24.20741077,22.30387925,17.24449283,18.28392123,35.50336759,27.43840507,18.83494351,42.74179667,52.08412903,20.31268509,35.17776351,50.59386421,22.19117015,14.85255519,28.03952029,41.75246121,49.09107617,39.71117411,28.54044964,43.65599274,45.55346052,37.43840507,45.17776351,50.17776351,42.5,42.86666667,50.33333333,57.53333333,54.4,48.31666667,63.91666667,33.75,11.11666667,68.46666667,31.45,59.3,29.48333333,23.58333333,20.36666667,16.91666667,14.33333333,10.55,6.733333333,10.63333333,12.68333333,23.15,17.2,13.91666667,10.53333333,7.016666667,3.616666667,0,1.85,5.8,30.8,24.9,21.65,18.36666667,14.96666667,11.55,7.933333333,9.716666667,15.28333333,39.21666667,36.38333333,33.36666667,29.71666667,26.2,22.88333333,19.51666667,15.73333333,19.96666667,35.05,53.13333333,43.81666667,39.06666667,30.23333333,21.46666667
26.1109423,19.48615166,14.70227638,12.49818725,7.376184659,12.87388426,6.987964414,6.574697701,2.166519433,3.656784245,13.77555709,14.41424201,5.347420797,10.41933045,26.13598877,24.23245724,19.17307082,20.21249922,37.43194558,29.36698307,16.90636552,41.96535618,53.46168474,22.24126308,37.1063415,52.19683813,20.28763862,12.9239772,27.02513836,43.06740075,50.51872481,41.08872982,30.43145793,45.54700103,46.918493,39.36698307,47.1063415,52.1063415,44.26666667,44.2,51.76666667,58.25,54.51666667,46.33333333,65.21666667,32.4,9.1,69.76666667,29.46666667,57.31666667,31.56666667,25.66666667,22.45,19,16.35,12.58333333,8.616666667,8.616666667,10.66666667,25.23333333,19.28333333,16,12.61666667,9.1,5.666666667,1.883333333,0,3.783333333,32.8,26.98333333,23.73333333,20.41666667,17.01666667,13.6,9.816666667,7.883333333,13.28333333,41.21666667,38.46666667,35.45,31.8,28.28333333,24.96666667,21.6,17.65,17.98333333,36.85,54.56666667,45.25,40.5,31.66666667,23.55
30.00566798,23.38087735,18.6095253,16.4179594,11.28343358,16.71851701,10.87016687,10.46942339,6.061245119,2.229135602,17.68280601,18.28392123,8.503275693,10.19391225,30.04323769,28.12718293,23.06779651,24.1072249,41.32667126,33.26170875,17.15683019,38.0706305,57.36893366,26.09841907,41.05116012,55.89119208,16.35534323,9.004205042,30.94491051,46.97464967,54.4134505,44.98345551,34.33870685,49.52938935,50.81321868,43.26170875,51.05116012,56.05116012,48.8,48.61666667,56.18333333,58.61666667,52.75,42.31666667,68.25,28.9,5.15,72.8,25.46666667,53.3,36.11666667,30.21666667,27,23.55,20.86666667,17.1,13.16666667,9.033333333,6.883333333,29.78333333,23.83333333,20.55,17.16666667,13.65,10.21666667,6.433333333,4.383333333,0,37.23333333,31.16666667,27.86666667,24.5,21.1,17.68333333,13.9,11.78333333,9.633333333,45.65,42.51666667,39.31666667,35.85,32.33333333,28.95,25.65,21.73333333,18.15,41.38333333,58.98333333,49.66666667,44.91666667,36.08333333,27.56666667
24.27002694,29.84286595,30.76958524,38.99734979,38.19586284,22.75471566,32.39760562,28.51540317,31.90919951,35.27794938,19.78670927,19.91194161,29.04137899,28.16475263,26.34888374,18.08354949,29.04137899,12.39800138,12.9991166,17.88317775,50.53124805,53.97513732,34.66431093,14.0761147,9.442518222,39.57341854,37.53213145,38.55903661,39.62351148,28.57801934,18.15868889,43.58085333,3.205947831,11.98473467,13.88220245,27.88317775,19.44251822,24.44251822,11.05,52.1,41.4,65.11666667,66.83333333,62.58333333,51.95,46.18333333,43.46666667,54.55,45.35,72.9,15.45,21.56666667,25.15,28.55,32.08333333,35.21666667,39.25,43.13333333,45.03333333,8.066666667,14.36666667,17.95,21.51666667,25,28.5,32.53333333,34.28333333,38.11666667,0,6.75,10.35,13.93333333,17.71666667,21.21666667,25.3,27.25,32.85,8.116666667,11.2,14.93333333,18.68333333,22.1,25.48333333,26.83333333,30.8,35.16666667,3.55,45.71666667,47.15,44.7,38.61666667,28.95
18.29644446,23.844237,24.79600276,32.98619761,32.10957125,16.68094731,26.52420901,22.49172775,25.83543116,29.20418103,13.75051062,13.17444187,22.93004093,25.54739678,19.62390723,11.40866592,22.30387925,7.689265502,9.868308169,18.87251321,44.47000293,47.23763758,32.46022179,7.488893762,9.580273793,37.33175971,30.79463171,32.52283796,32.88601174,24.0696552,23.49358645,39.2603377,8.979158575,18.72223441,20.03111021,28.87251321,19.58027379,24.58027379,17.91666667,48.15,38.81666667,62.53333333,59.91666667,55.66666667,50.8,39.26666667,37.13333333,54.26666667,38.43333333,65.98333333,20.56666667,15.43333333,18.98333333,22.4,25.96666667,29.18333333,33.01666667,36.91666667,38.8,13.6,8.133333333,11.55,15.11666667,18.6,22.1,26.13333333,28.18333333,31.88333333,6.5,0,3.433333333,7.016666667,10.8,14.3,18.38333333,20.33333333,25.93333333,14.98333333,11.33333333,8.266666667,11.76666667,15.18333333,18.56666667,19.91666667,23.88333333,28.25,10.41666667,43.46666667,44.66666667,39.98333333,31.21666667,22.03333333
19.44858196,20.41287096,21.40220642,29.5673548,28.74082138,13.36229038,23.14293591,19.07288495,22.46668129,25.84795439,10.35671428,9.743075831,19.56129107,18.00841008,16.21758766,7.95225341,18.88503644,11.14567801,13.23705804,22.34144895,41.07620659,43.81879477,30.73201554,3.944818621,13.01163983,33.92544014,27.3757889,29.11651839,29.46716893,20.63828916,26.91242926,35.82897166,12.42304785,22.14107721,24.038545,32.34144895,23.01163983,28.01163983,21.21666667,44.55,35.05,58.76666667,56.31666667,52.06666667,51.31666667,35.66666667,33.63333333,55.56666667,34.83333333,62.38333333,24.2,18.56666667,15.6,18.83333333,22.36666667,25.63333333,29.46666667,33.35,35.2,16.93333333,11.26666667,8.183333333,11.56666667,15.06666667,18.56666667,22.6,24.65,28.28333333,9.8,3.133333333,0,3.416666667,7.2,10.7,14.78333333,16.73333333,22.33333333,18.45,14.8,11.6,8,11.28333333,14.8,16.31666667,20.28333333,24.65,13.71666667,39.7,40.9,36.38333333,27.61666667,18.43333333
22.879948,16.96898169,17.98336362,26.12346553,25.30945534,9.880831402,19.73661634,15.62899568,19.03531525,22.37901865,6.925348245,6.311709793,16.11740179,18.67214147,12.74865192,4.508364138,15.44114717,14.55199758,16.74356348,25.77281499,37.65736379,40.3749055,33.28675522,1.51531128,16.44300587,32.48526826,23.93189963,25.67262912,26.02327966,22.9175177,30.35631853,32.38508239,15.82936742,25.58496648,26.90636552,35.77281499,26.44300587,31.44300587,24.58333333,40.96666667,34.35,55.86666667,52.73333333,48.48333333,51.41666667,32.08333333,30.05,55.46666667,31.25,58.8,27.56666667,21.93333333,18.8,15.41666667,18.78333333,21.95,25.95,29.95,31.61666667,20.3,14.63333333,11.38333333,8.15,11.63333333,14.96666667,19,21.05,24.7,13.16666667,6.5,3.2,0,3.616666667,7.116666667,11.2,13.15,18.75,21.78333333,18.16666667,14.96666667,11.36666667,8,11.38333333,12.73333333,16.7,21.06666667,17.08333333,39.03333333,37.48333333,32.8,24.03333333,14.85
24.01956227,17.39477163,14.53947434,23.04275004,21.8780893,10.70736483,16.28020383,12.19762964,15.59142598,18.94765261,4.358085333,2.867820521,12.64846605,11.13315477,9.317285885,6.937871479,12.00978113,17.16935343,20.03717395,27.27560303,34.22599775,36.94353946,36.63045862,4.946677318,19.82427897,35.24037968,20.50053359,22.24126308,22.59191362,26.37393021,33.98805631,28.95371635,19.26073346,29.11651839,30.91380031,37.27560303,29.82427897,34.82427897,28.15,37.35,35.06666667,52.25,49.11666667,44.86666667,52.23333333,28.46666667,26.43333333,56.31666667,27.63333333,55.18333333,29.71666667,23.81666667,20.6,17.15,15.58333333,18.53333333,22.46666667,26.46666667,28,23.38333333,17.43333333,14.15,10.76666667,8.266666667,11.56666667,15.53333333,17.55,21.08333333,16.73333333,10.06666667,6.766666667,3.4,0,3.5,7.583333333,9.533333333,15.13333333,25.35,21.23333333,18.03333333,14.46666667,10.95,7.766666667,9.116666667,13.08333333,17.45,20.65,39.85,34.26666667,29.18333333,20.41666667,11.23333333
26.93747572,20.30016185,16.91888875,19.62390723,18.44672326,13.61275505,12.84883779,8.778786835,12.17258317,15.52880981,7.275998789,0.551022284,9.229623249,12.18510641,12.31033874,10.36923752,10.71988806,20.07474365,23.45601675,30.18099326,30.79463171,35.77887873,40.06182466,8.315427188,23.30573795,38.65922248,18.03345655,18.82242028,21.42725289,29.79277301,37.20652737,27.80157885,22.12855398,32.43517533,33.75657436,40.18099326,33.30573795,38.30573795,31.4,36.08333333,38.7,50.98333333,47.85,43.6,53.56666667,27.2,22.68333333,57.93333333,26.36666667,53.91666667,32.36666667,26.46666667,23.25,19.8,18.06666667,14.95,18.71666667,22.71666667,24.25,26.03333333,20.08333333,16.8,13.41666667,10.75,7.983333333,11.78333333,13.8,17.33333333,19.98333333,13.31666667,10.01666667,6.65,3.25,0,3.833333333,5.783333333,11.35,28.6,24.98333333,21.78333333,17.8,14.28333333,11.1,7.95,11.63333333,15.88333333,23.9,41.53333333,33,27.91666667,19.15,9.966666667
30.83220141,24.20741077,20.82613767,18.62204854,14.55199758,17.52000397,13.08677923,12.67351252,8.277857487,11.62156089,11.17072448,4.445747969,5.32237433,3.819586284,16.16749473,14.2639632,9.204576782,23.98199257,27.46345154,34.08824218,26.87485956,34.70188063,44.04421298,12.26024581,27.13784746,42.5664714,14.1512541,14.92769459,19.99960425,33.71254516,41.05116012,31.67125807,26.02327966,36.44261011,38.2273688,44.08824218,37.13784746,42.13784746,35.18333333,34.76666667,42.23333333,49.43333333,46.3,39.58333333,55.81666667,25.65,18.68333333,60.36666667,22.98333333,50.56666667,36.15,30.25,27.03333333,23.58333333,21.85,18.55,14.71666667,18.71666667,20.25,29.81666667,23.86666667,20.58333333,17.2,14.53333333,11.56666667,7.95,9.8,13.33333333,23.76666667,17.1,13.8,10.43333333,7.033333333,3.616666667,0,1.783333333,7.35,32.38333333,28.28333333,25.08333333,21.61666667,18.1,14.85,11.41666667,7.633333333,11.71666667,27.68333333,45,35.71666667,30.96666667,22.13333333,13.33333333
32.77330264,26.148512,22.74219243,20.5381033,15.4161007,19.44858196,15.02788046,14.61461375,10.21895871,9.692982897,13.1118257,6.386849195,3.431366038,6.499558299,18.10859595,16.20506443,11.14567801,25.92309379,29.39202953,36.0293434,24.93375833,33.9129169,45.43429192,14.20134703,29.07894869,44.15692208,12.24772257,13.02416307,18.98522231,35.04000794,42.47880877,33.04881378,27.96438089,38.38371134,39.59240127,46.0293434,39.07894869,44.07894869,37.3,36.15,43.71666667,50.13333333,46.46666667,37.63333333,57.16666667,24.43333333,16.73333333,61.71666667,21.03333333,48.61666667,38.26666667,32.36666667,29.15,25.7,23.96666667,20.63333333,16.66666667,16.76666667,18.3,31.93333333,25.98333333,22.7,19.31666667,16.65,13.68333333,9.9,8.016666667,11.38333333,25.88333333,19.21666667,15.91666667,12.55,9.15,5.733333333,1.95,0,5.4,34.5,30.4,27.2,23.73333333,20.21666667,16.96666667,13.53333333,9.616666667,9.766666667,29.8,46.51666667,37.2,32.45,23.61666667,15.45
38.57155985,31.94676921,28.56549611,26.36140697,21.26445085,25.25936241,20.8386609,20.41287096,16.01721592,10.16886578,18.91008291,12.18510641,8.528322161,8.365520123,23.9193764,22.00332164,16.94393522,31.721351,35.20280998,41.82760061,27.12532423,28.11465969,51.23254913,19.99960425,34.8772059,50.31835307,6.411895663,7.163289686,24.82104923,40.83826515,48.28958921,38.85959422,33.7626381,44.08178268,45.40318172,51.82760061,44.8772059,49.8772059,43.56666667,42.45,50.01666667,51.6,42.78333333,32.03333333,62.63333333,22.85,14.7,67.18333333,15.56666667,43.01666667,44.53333333,38.63333333,35.41666667,31.96666667,30.23333333,26.93333333,22.93333333,19.31666667,16.85,38.2,32.25,28.96666667,25.58333333,22.91666667,19.95,16.16666667,14.11666667,9.933333333,32.15,25.48333333,22.18333333,18.81666667,15.41666667,12,8.216666667,6.1,0,40.76666667,36.7,33.5,30.03333333,26.51666667,23.26666667,19.83333333,15.91666667,12.16666667,36.06666667,52.81666667,43.5,38.75,29.91666667,21.75
33.93796337,38.09567697,39.09753566,47.23763758,46.43615062,31.02004992,40.58780048,36.75569096,40.1494873,43.51823716,28.02699706,28.17727586,37.21905061,36.43008688,18.59700207,18.27139799,23.54367939,20.63828916,5.284804628,26.0733726,58.77153583,48.47743772,27.05018483,20.31268509,5.159572291,31.92172274,38.65922248,46.7993244,34.12581188,20.88875384,10.44437692,35.92915753,11.39614268,4.270422697,15.54779254,36.0733726,15.15957229,20.15957229,11.55,44.2,33.5,57.21666667,60.15,57.48333333,43.61666667,41.08333333,51.93333333,46.2,40.25,67.36666667,23.9,30.28333333,33.85,37.23333333,40.75,43.88333333,47.86666667,51.76666667,53.5,16.35,22.98333333,26.56666667,30.13333333,33.61666667,37.11666667,41.15,43.2,46.58333333,8.183333333,15.3,19.03333333,22.61666667,26.15,29.93333333,33.75,35.96666667,41.3,0,4.1,7.733333333,11.41666667,14.86666667,18.55,21.93333333,25.86666667,30.23333333,5.05,37.81666667,39.25,36.8,31.21666667,23.98333333
29.76772654,35.24037968,36.26728484,44.39486352,43.5683301,28.16475263,38.00801433,33.93796337,37.29419001,40.65041664,25.20926947,24.63320072,34.35123008,33.36189462,14.90264812,14.78993902,19.84932544,17.82056158,1.590450682,23.49358645,55.91623854,44.78308377,25.69767559,16.79365641,4.370608567,30.6067832,35.17776351,43.94402711,30.43145793,19.42353549,12.02230437,34.61421799,13.55013888,7.363661425,18.94158887,33.49358645,14.37060857,19.37060857,15.6,42.83333333,32.13333333,55.85,57.46666667,53.21666667,43.01666667,36.81666667,48.53333333,46.01666667,35.98333333,63.53333333,25.41666667,26.9,30.61666667,34.03333333,37.61666667,40.81666667,44.65,48.5,50.03333333,18.15,19.65,23.26666667,26.83333333,30.31666667,33.81666667,37.56666667,39.61666667,43.11666667,10.88333333,11.26666667,15.03333333,18.61666667,21.9,25.9,29.45,31.4,37,3.716666667,0,3.433333333,7.15,10.6,14.28333333,17.66666667,21.6,25.96666667,9.1,36.45,37.88333333,35.43333333,28.2,19.71666667
26.34888374,31.82153687,32.84844204,40.96349749,40.187057,24.73338659,34.57664829,30.54416703,33.9129169,37.25662031,21.8029499,21.22688115,30.98248021,29.4546457,11.62156089,11.35857298,16.43048264,15.74170478,1.815868889,26.91242926,52.52244221,41.36424097,24.40778251,13.38733684,7.789451372,29.24175073,31.74639747,40.57527724,27.01261513,16.01721592,15.47871687,33.51217343,16.95645845,10.79502746,22.64846605,36.91242926,17.78945137,22.78945137,18.96666667,41.4,30.56666667,54.28333333,53.83333333,49.58333333,42.33333333,33.18333333,45.25,45.8,32.35,59.9,28.75,23.55,27.1,30.51666667,34.1,37.3,41.13333333,45.01666667,46.55,21.48333333,16.21666667,19.66666667,23.23333333,26.71666667,30.21666667,34.25,36.3,39.63333333,14.36666667,7.916666667,11.55,15.13333333,18.61666667,22.41666667,25.96666667,27.91666667,33.51666667,7.083333333,3.166666667,0,3.516666667,6.966666667,10.65,14.03333333,17.96666667,22.33333333,12.46666667,35,36.45,33.98333333,24.75,16.08333333
27.45092831,28.44026377,29.40455277,37.58222438,36.78073743,21.36463672,31.15780549,27.1503707,30.50659733,33.86282397,18.35906063,17.75794541,27.56363741,26.56177871,8.202718084,7.939730176,13.02416307,19.16054759,5.22218846,30.3437953,49.09107617,37.95792139,22.7296692,10.08120314,11.19577094,25.91057056,28.32755467,37.13138797,23.60629556,12.62341959,18.89755968,30.09333062,20.42539419,14.1512541,25.76675125,40.3437953,21.19577094,26.19577094,22.63333333,37.71666667,26.88333333,50.6,50.15,45.9,43.15,29.5,41.48333333,47.4,28.66666667,56.21666667,32.13333333,26.81666667,23.6,26.85,30.35,33.38333333,37.51666667,41.51666667,43.05,25.13333333,19.46666667,16.18333333,19.58333333,23.03333333,26.56666667,30.58333333,32.61666667,36.13333333,17.96666667,11.3,7.833333333,11.41666667,14.76666667,18.53333333,22.46666667,24.41666667,30.01666667,10.75,6.866666667,3.5,0,3.283333333,6.966666667,10.35,14.28333333,18.65,16.13333333,31.53333333,32.76666667,30.18333333,21.23333333,12.4
30.91986405,24.97132803,25.98570996,34.12581188,33.32432492,17.88317775,27.76400915,23.68143496,27.03766159,30.39388823,14.92769459,14.21387027,24.09470167,22.57939039,4.758828812,4.48331767,9.567750559,22.59191362,8.691124199,33.81273103,45.65971013,34.48898566,25.28440887,7.41375436,14.66470668,24.48292192,24.89618863,33.6874987,20.13735982,14.91517136,22.56686716,26.63691811,23.8818067,17.67028277,29.52372136,43.81273103,24.66470668,29.66470668,26.15,34.26666667,26.18333333,49.43333333,46.7,42.45,43.35,26.05,38.03333333,47.4,25.21666667,52.76666667,35.65,30.4,26.95,23.73333333,26.9,30.1,34.06666667,38.06666667,39.6,28.65,22.96666667,19.53333333,16.3,19.58333333,23.11666667,27.13333333,29.16666667,32.68333333,21.48333333,14.81666667,11.18333333,8.15,11.31666667,15.1,19.01666667,20.96666667,26.56666667,14.26666667,10.38333333,7.016666667,3.35,0,3.516666667,6.9,10.83333333,15.2,19.65,30.96666667,29.31666667,26.86666667,18.06666667,8.95
31.97181568,25.34702504,22.50425099,31.05761962,29.89295888,18.65961824,24.25750371,20.14988305,23.61881879,26.96252219,12.32286198,10.83259716,20.66333563,19.62390723,1.327462774,6.87525531,6.136384521,25.12160684,12.12249024,35.22785644,42.24086733,31.05761962,28.71577491,10.78250423,18.09607272,27.25055657,21.41472966,30.25613266,16.71851701,18.3841071,25.9982332,23.20555208,27.2630798,21.12669528,32.65452979,45.22785644,28.09607272,33.09607272,29.7,31.41666667,27.33333333,46.31666667,43.18333333,38.93333333,44.5,22.53333333,34.51666667,48.58333333,21.7,49.23333333,37.71666667,31.81666667,28.6,25.15,23.58333333,26.61666667,30.61666667,34.61666667,36.08333333,31.38333333,25.43333333,22.15,18.76666667,16.26666667,19.6,23.63333333,25.68333333,29.16666667,24.73333333,18.06666667,14.6,11.4,8,11.58333333,15.38333333,17.33333333,22.93333333,17.81666667,13.93333333,10.56666667,6.9,3.383333333,0,3.383333333,7.316666667,11.66666667,23.21666667,32.11666667,27.51666667,23.4,14.63333333,5.416666667
32.8359188,26.21112817,23.35583088,27.66382328,26.44906961,19.51119813,20.88875384,16.81870288,20.16240628,23.51863292,13.17444187,8.59093833,17.21944636,15.70413508,4.270422697,9.217100015,2.692495249,25.98570996,15.56637951,36.09195957,38.79697805,27.73896268,32.13461772,12.41052461,20.63828916,30.66939937,18.02093332,26.81224339,13.38733684,21.79042667,29.40455277,19.7616628,28.02699706,24.52049162,36.39897667,46.09195957,30.63828916,35.63828916,32.96666667,28.16666667,30.58333333,43.06666667,39.93333333,35.68333333,45.45,19.28333333,31.1,49.81666667,18.45,46,38.53333333,32.63333333,29.41666667,25.96666667,24.23333333,23.28333333,27.13333333,31.13333333,32.66666667,32.2,26.25,22.96666667,19.58333333,16.91666667,16.31666667,20.2,22.23333333,25.75,26.01666667,19.35,16.05,12.68333333,9.283333333,8.333333333,12.08333333,14.03333333,19.63333333,21.08333333,17.2,13.83333333,10.16666667,6.65,3.266666667,0,3.766666667,8.133333333,26.46666667,33.41666667,25.08333333,20,11.23333333,2.05
36.69307479,30.05576092,27.21298687,26.66196458,22.59191362,23.36835411,21.12669528,20.66333563,16.31777353,19.66147693,17.03159785,12.43557108,13.36229038,12.38547815,8.127578682,13.06173277,1.164660736,29.83034271,19.42353549,39.93659232,34.93982207,26.67448782,36.01682017,16.2676806,24.48292192,34.52655536,14.1512541,22.9550874,11.9596882,25.63505942,33.26170875,23.61881879,31.88415304,28.3776476,39.95557505,49.93659232,34.48292192,39.48292192,36.75,26.96666667,34.43333333,41.6,38.46666667,32.38333333,47.98333333,17.81666667,27.03333333,52.53333333,15.51666667,43.36666667,42.35,36.45,33.23333333,29.78333333,28.05,26.86666667,23.06666667,27.06666667,28.6,36.01666667,30.06666667,26.78333333,23.4,20.73333333,19.88333333,16.26666667,18.13333333,21.68333333,29.83333333,23.16666667,19.86666667,16.5,13.1,11.91666667,8.15,9.95,15.56666667,24.86666667,20.98333333,17.61666667,13.95,10.43333333,7.05,3.616666667,0,4.2,30.25,37.16666667,27.91666667,23.16666667,14.33333333,5.5
40.58780048,33.95048661,31.10771255,30.55669027,25.39711798,27.2630798,25.02142097,24.55806132,20.21249922,16.44300587,20.92632354,16.21758766,12.52323372,8.453182759,11.9221185,16.95645845,5.059386421,33.7250684,23.31826118,43.84384124,32.10957125,23.85676023,39.28538417,20.16240628,28.39017084,37.80764259,10.18138901,19.13550112,12.84883779,28.89110018,36.32990101,26.89990602,35.77887873,32.29741975,43.85030074,53.84384124,38.39017084,43.39017084,40.85,30.21666667,37.78333333,40.5,36.33333333,28.2,49.86666667,14.66666667,23.25,54.41666667,11.28333333,39.16666667,46.46666667,40.56666667,37.35,33.9,32.16666667,30.98333333,27.01666667,24.58333333,24.8,40.13333333,34.18333333,30.9,27.51666667,24.85,24,20.25,18.2,17.88333333,33.95,27.28333333,23.98333333,20.61666667,17.21666667,15.98333333,12.03333333,9.916666667,11.58333333,28.98333333,25.1,21.73333333,18.06666667,14.55,11.15,7.733333333,3.95,0,34.36666667,40.58333333,31.26666667,26.51666667,17.68333333,9.6
45.93333333,39.2,36.06666667,35.3,30.11666667,32.23333333,29.81666667,29.2,25.16666667,18.78333333,25.78333333,21.06666667,17.18333333,14.65,16.61666667,21.5,9.9,38.63333333,28.35,48.88333333,36.26666667,19.96666667,43.95,24.86666667,33.63333333,42.4,6.466666667,15.61666667,17.23333333,33.36666667,40.76666667,31.33333333,40.26666667,36.76666667,45.55,44.6,44.15,46.33333333,45.55,34.93333333,42.45,43.53333333,35.01666667,24.5,54.55,15.03333333,22.91666667,59.1,7.5,35.48333333,51.01666667,45.11666667,41.9,38.45,36.66666667,35.41666667,31.53333333,27.53333333,25.13333333,44.68333333,38.73333333,35.45,32.06666667,29.35,28.45,24.76666667,22.71666667,18.21666667,38.51666667,31.85,28.41666667,25.18333333,21.83333333,20.38333333,16.46666667,14.35,8.183333333,33.66666667,29.78333333,26.41666667,22.61666667,19.1,15.86666667,12.41666667,8.466666667,4.516666667,39.05,45.31666667,36,31.25,22.38333333,14.3
28.80343755,33.14899965,34.16338158,42.30348349,41.50199654,26.0733726,35.86654136,31.84658334,35.21533321,38.55903661,23.14293591,23.20555208,32.54788443,32.12209448,23.844237,17.43234133,28.79091431,15.67908861,10.53203956,21.22688115,53.83738175,55.01456572,32.54788443,15.35348454,8.778786835,37.16895767,37.36932941,41.90274002,40.4124752,26.12346553,15.69161185,41.17639246,6.524604766,9.505134391,10,31.22688115,18.77878684,23.77878684,8.85,49.2,38.51666667,62.21666667,65.15,63.45,48.61666667,47.05,47.46666667,51.08333333,46.21666667,72.36666667,19.2,25.5,29.06666667,32.45,35.96666667,39.1,43.08333333,46.98333333,49.03333333,11.6,18.23333333,21.81666667,25.38333333,28.86666667,32.36666667,36.4,38.45,42.4,3.583333333,10.7,14.3,17.88333333,21.66666667,25.16666667,29.25,31.2,36.8,5.033333333,9.466666667,13.1,16.78333333,20.23333333,23.93333333,27.3,31.23333333,35.6,0,42.83333333,44.25,41.81666667,36.5,29.35
59.10966314,56.01642441,54.53868284,60.9881482,59.78591776,48.9157509,54.21307876,50.1430278,53.51177767,56.31698202,44.34477059,41.91526325,50.05536516,48.48996095,31.15780549,35.52841405,36.01682017,50.90694506,36.85587683,59.84853393,71.54523422,37.09381827,10.769981,38.45885074,40.72555605,6.549651234,50.78171272,59.10966314,27.95185766,20.21249922,27.16289393,13.56266211,48.52753065,33.33684815,52.04655933,11.9972579,5.447606667,20.8010912,49.06666667,12.33333333,5.583333333,21.25,29.93333333,41.43333333,12.41666667,30.9,65.16666667,16.46666667,43.23333333,38.51666667,61.21666667,59.03333333,55.83333333,55.15,56.28333333,57.53333333,61.36666667,64.8,66.71666667,53.83333333,51.7,48.41666667,47.88333333,48.96666667,50.56666667,54.46666667,55.86666667,59.8,45.6,43.43333333,40.06666667,39.73333333,40.7,42.58333333,46.35,47.68333333,53.28333333,37.53333333,36.61666667,35.31666667,32.06666667,31.51666667,32.73333333,34.08333333,37.98333333,41.63333333,42.6,0,9.366666667,14.36666667,23.35,32.28333333
57.97004887,51.34525824,48.50248418,52.92318569,50.89442182,44.65785143,46.16063948,42.07806529,44.62028173,47.61333459,38.32109517,33.85030074,41.35171773,39.79883675,27.40083537,34.35123008,27.95185766,51.11984003,37.63231732,61.22608964,62.85411002,28.25241526,13.52509241,36.85587683,41.76498444,10.43185369,41.85264708,50.26826014,19.11045465,20.28763862,28.20232233,5.510222835,49.56695905,34.37627655,53.08598772,5.76068751,9.004205042,21.46482259,50.43333333,5.833333333,9.35,21.7,21.78333333,32.06666667,21.63333333,21.53333333,55.8,25.71666667,33.86666667,29.15,62.58333333,58.4,55.18333333,51.73333333,50,48.95,52,55.41666667,57.35,55.2,52.01666667,48.73333333,45.35,42.68333333,41.98333333,45.1,46.5,50.43333333,46.96666667,44.78333333,41.31666667,38.11666667,35.05,34,36.98333333,38.31666667,43.91666667,38.9,37.98333333,36.33333333,33.31666667,29.8,28.06666667,25.7,28.66666667,32.26666667,43.95,9.316666667,0,5.666666667,14.65,23.58333333
52.72281395,46.08550008,43.24272602,47.67595076,45.98531421,39.39809327,40.90088132,36.81830713,39.71117411,42.70422697,33.06133701,28.59054257,36.44261011,34.88972913,22.14107721,29.09147192,22.69209949,45.8726051,35.45327465,55.97885471,57.94500241,23.34330765,12.58584989,32.29741975,39.23529123,11.12063154,37.33175971,45.96026774,14.20134703,17.72037571,25.67262912,0.250464674,47.03726584,31.84658334,50.55629451,10.94530627,11.13315477,26.43654638,47.75,10.86666667,11.28333333,26.5,24.93333333,27.48333333,26.15,16.6,50.85,30.51666667,28.85,31,59.03333333,53.13333333,49.91666667,46.46666667,44.73333333,43.68333333,47.06666667,50.48333333,52.41666667,52.53333333,46.75,43.46666667,40.08333333,37.41666667,36.71666667,40.16666667,41.56666667,45.5,44.3,39.85,36.55,33.18333333,29.78333333,28.73333333,32.05,33.38333333,38.98333333,36.23333333,35.31666667,34.01666667,30.43333333,27.13333333,23.71666667,20.43333333,23.73333333,27.33333333,41.28333333,14.11666667,5.483333333,0,9.383333333,18.31666667
43.93150388,37.29419001,34.45141595,38.88464069,37.15643444,30.6067832,32.10957125,28.02699706,30.88229434,33.62488253,24.27002694,19.79923251,27.36326567,25.81038469,13.34976714,20.30016185,13.90078943,37.08129503,26.2987908,47.18754464,49.50434288,19.71156987,21.45229936,23.50610969,32.32246622,19.96203454,28.08961323,36.89344653,5.372467264,11.08306184,19.96203454,9.079344444,39.12258213,26.13598877,44.795607,19.73661634,19.96203454,35.26542615,42.25,19.61666667,20.08333333,35.3,31.78333333,27.56666667,34.95,11.13333333,41.81666667,39.31666667,19.9,38.4,50.08333333,44.18333333,40.96666667,37.51666667,35.78333333,34.73333333,38.03333333,41.45,43.38333333,43.75,37.8,34.51666667,31.13333333,28.46666667,27.76666667,31.13333333,32.53333333,36.46666667,37.56666667,30.9,27.6,24.23333333,20.83333333,19.78333333,23.01666667,24.35,29.95,30.58333333,27.91666667,24.7,21.33333333,18.16666667,14.81666667,11.48333333,14.7,18.3,35.85,22.91666667,14.28333333,9.2,0,9.366666667
34.8772059,28.25241526,25.40964121,29.83034271,28.3400779,21.56500846,23.06779651,18.98522231,22.06593781,25.42216444,15.2282522,10.75745776,19.12297789,17.60766661,4.307992398,11.25838711,4.859014682,28.02699706,17.74542218,38.13324667,40.68798634,25.89804733,30.21856296,14.46433494,22.67957626,28.75334461,19.92446484,28.71577491,11.54642149,19.88689514,27.50102124,17.87065451,30.06828415,22.62948333,37.38185264,26.32383727,28.75334461,41.05116012,35.06666667,26.3,28.83333333,41.2,38.06666667,33.81666667,43.73333333,17.41666667,33.08333333,48.08333333,16.58333333,44.13333333,40.71666667,34.81666667,31.6,28.15,26.41666667,25.36666667,29.1,33.11666667,34.63333333,34.38333333,28.43333333,25.15,21.76666667,19.1,18.4,22.16666667,24.21666667,27.71666667,28.2,21.53333333,18.23333333,14.86666667,11.46666667,10.41666667,14.05,16,21.6,23.2,19.31666667,15.95,12.28333333,8.766666667,5.366666667,2.116666667,5.716666667,9.983333333,28.58333333,31.66666667,23.03333333,17.96666667,9.2,0
18.53333333,11.81666667,7.933333333,15.7,14.66666667,4.85,9.083333333,5.033333333,8.5,12.1,3.783333333,9.5,13.53333333,16.5,16.53333333,13.95,18.83333333,11.25,27.46666667,21.48333333,27.35,43.9,43.91666667,12.16666667,27.15,42.23333333,27.61666667,21.5,29.46666667,33.23333333,40.61666667,35.55,20.06666667,35.41666667,34.7,32.25,33.3,35.48333333,34.7,44.08333333,42.38333333,58.98333333,55.78333333,51.48333333,59.55,35.2,19.53333333,63.63333333,34.36666667,61.85,23.63333333,17.73333333,14.51666667,11.06666667,8.533333333,11.08333333,15.16666667,19.03333333,21.1,17.23333333,11.28333333,8,4.7,1.216666667,4.116666667,8.233333333,10.23333333,14.18333333,23.46666667,17.13333333,13.86666667,10.46666667,7.316666667,10.2,14.18333333,16.13333333,21.7,32.01666667,29.08333333,25.6,22.03333333,18.53333333,15.08333333,15.85,19.81666667,24.16666667,27.2,47.16666667,41,35.91666667,27.15,17.95
27.08333333,20.35,17.21666667,24.03333333,22.96666667,13.38333333,17.41666667,13.35,16.76666667,20.38333333,6.933333333,4.516666667,13.95,12.91666667,8.033333333,5.616666667,9.483333333,19.78333333,19,30.03333333,35.55,34.56666667,35.45,5.8,18.78333333,33.9,18.26666667,23.48333333,20.11666667,24.91666667,32.18333333,26.2,21.41666667,27.81666667,27.55,25.1,26.15,28.33333333,27.55,34.73333333,34.05,49.63333333,46.43333333,42.13333333,51.21666667,25.85,27.41666667,55.3,25.01666667,52.5,32.16666667,26.26666667,23.05,19.6,17.81666667,19.56666667,23.43333333,27.43333333,28.96666667,25.83333333,19.88333333,16.6,13.21666667,10.5,12.6,16.5,18.53333333,22.05,19.53333333,12.86666667,9.583333333,6.2,2.916666667,4.616666667,8.383333333,10.33333333,15.93333333,24.28333333,20.43333333,17.13333333,13.6,10.06666667,6.583333333,6.5,10.46666667,14.83333333,19.91666667,38.83333333,31.65,26.56666667,17.8,8.616666667
23.58333333,16.9,12.33333333,14.61666667,13.46666667,10.36666667,8,3.95,7.333333333,10.98333333,4.833333333,5.483333333,8.083333333,11.03333333,17.05,15.06666667,15.58333333,16.66666667,28.76666667,26.53333333,25.93333333,40.8,44.81666667,13.28333333,27.83333333,43.46666667,23.2,16.03333333,26.35,34.43333333,41.81666667,32.43333333,21.15,36.01666667,35.53333333,33.06666667,34.13333333,36.31666667,35.53333333,40.96666667,43.51666667,55.86666667,52.66666667,48.36666667,58.45,32.08333333,18.43333333,62.83333333,31.25,58.73333333,28.68333333,22.78333333,19.56666667,16.11666667,13.93333333,10.16666667,14,18,19.98333333,22.43333333,16.78333333,13.5,10.11666667,6.6,3.2,7.066666667,9.116666667,13.06666667,24.06666667,18.28333333,14.98333333,11.61666667,8.216666667,4.883333333,8.8,10.75,16.31666667,32.48333333,29.66666667,26.46666667,23.03333333,19.51666667,16,12.83333333,16.56666667,20.65,28.11666667,46.43333333,37.88333333,32.81666667,24.05,14.85
22.18333333,15.45,10.4,8,3.733333333,12.4,2.55,6.933333333,3.333333333,8.283333333,15.16666667,15.83333333,9.816666667,12.73333333,27.33333333,25.4,20.6,21.65,39.06666667,25.13333333,15.66666667,45.9,55.28333333,23.78333333,38.21666667,53.78333333,24.75,17.65,31.11666667,44.75,51.73333333,42.75,31.45,46.53333333,45.93333333,43.46666667,44.53333333,46.71666667,45.93333333,46.33333333,53.83333333,60.96666667,57.76666667,50.86666667,67.35,37.33333333,7.85,71.91666667,34,61.83333333,27.28333333,21.36666667,18.15,14.7,11.96666667,8.216666667,4.216666667,7.35,9.4,26.43333333,20.78333333,17.45,14.08333333,10.56666667,7.15,3.4,4.483333333,8.4,34.58333333,28.51666667,25.21666667,21.96666667,18.56666667,15.15,11.36666667,12.4,17.96666667,42.98333333,40.15,36.98333333,33.31666667,29.8,26.46666667,23.11666667,19.2,22.66666667,38.26666667,56.71666667,47.4,42.65,33.81666667,25.06666667
14.71666667,7.983333333,3.9,11.5,10.4,4.883333333,4.883333333,5.75,9.666666667,15.73333333,7.7,13.43333333,17.21666667,20.18333333,20.46666667,17.88333333,22.75,14.15,31.38333333,17.66666667,23.1,47.83333333,47.8,16.08333333,30.75,46.16666667,31.53333333,25.2,33.38333333,37.16666667,44.26666667,39.46666667,23.9,39.06666667,38.46666667,36,37.06666667,39.25,38.46666667,48,46.3,62.9,59.7,55.4,63.46666667,39.11666667,15.28333333,67.56666667,38.28333333,65.76666667,19.8,13.9,10.68333333,7.233333333,4.5,6.866666667,10.88333333,14.78333333,16.83333333,18.96666667,13.31666667,9.983333333,6.616666667,3.1,5.8,9.9,11.91666667,15.83333333,27.11666667,21.05,17.75,14.38333333,11.23333333,13.86666667,17.86666667,19.81666667,25.38333333,35.51666667,32.68333333,29.51666667,25.91666667,22.41666667,19,19.76666667,23.73333333,28.1,30.8,51.08333333,44.91666667,39.85,31.08333333,21.88333333
30.93333333,24.2,19.15,16.75,11.35,21.1,11.28333333,15.71666667,12.05,7.85,23.88333333,24.11666667,14.18333333,15.6,35.6,33.68333333,28.88333333,30.36666667,47.33333333,33.88333333,17.63333333,38.55,63.4,31.91666667,46.96666667,61.85,17.55,9.816666667,36.73333333,52.81666667,60.48333333,50.78333333,39.8,55.28333333,54.68333333,52.21666667,53.28333333,55.46666667,54.68333333,54.4,61.9,63.03333333,53.48333333,42.71666667,74.05,34.55,4.15,78.6,26.26666667,53.68333333,36.01666667,30.11666667,26.9,23.45,20.71666667,16.96666667,12.96666667,8.983333333,6.55,35.18333333,29.53333333,26.2,22.83333333,19.35,15.93333333,12.11666667,10.06666667,5.583333333,43.33333333,36.91666667,33.61666667,30.25,26.85,23.43333333,19.65,17.53333333,11.26666667,51.73333333,48.9,45.73333333,41.6,38.08333333,34.7,31.4,27.48333333,23.95,47.01666667,64.76666667,55.45,50.7,41.86666667,33.31666667
27.13333333,20.41666667,17.25,19.7,18.68333333,13.45,13.08333333,9.016666667,12.5,16.11666667,7,0.316666667,9.683333333,8.65,12.18333333,9.783333333,10.9,19.85,23.35,30.08333333,31.28333333,36.11666667,39.68333333,8.133333333,22.86666667,38.06666667,18.25,19.2,21.66666667,29.06666667,36.38333333,27.75,21.48333333,31.75,31.2,28.73333333,29.8,31.98333333,31.2,36.28333333,38.21666667,51.18333333,47.98333333,43.68333333,53.6,27.4,23.15,57.96666667,26.56666667,54.05,32.23333333,26.33333333,23.11666667,19.66666667,17.88333333,15.23333333,19.16666667,23.16666667,24.7,25.9,19.95,16.66666667,13.28333333,10.56666667,8.266666667,12.23333333,14.25,17.78333333,19.8,13.13333333,9.833333333,6.466666667,3.066666667,0.2,4.283333333,6.233333333,11.83333333,28.41666667,24.8,21.6,17.61666667,14.1,10.91666667,7.983333333,11.91666667,16.16666667,23.7,41.56666667,33.2,28.11666667,19.35,10.16666667
15.73333333,8.733333333,3.65,5.066666667,4.85,11.61666667,5.283333333,6.166666667,10.05,16.16666667,14.4,15.11666667,17.65,20.6,26.65,24.66666667,25.06666667,20.85,38.38333333,18.41666667,16.56666667,50.26666667,54.43333333,22.91666667,37.41666667,53.03333333,32.66666667,25.58333333,35.83333333,44,51.4,41.91666667,30.71666667,45.58333333,44.98333333,42.53333333,43.58333333,45.76666667,44.98333333,50.45,53.1,65.35,62.2,57.83333333,68.06666667,41.56666667,11.13333333,72.4,40.73333333,68.26666667,20.55,14.65,11.43333333,7.983333333,4.366666667,0.6,4.266666667,8.533333333,10.5,25.63333333,20,16.71666667,13.33333333,9.816666667,6.383333333,10.28333333,12.31666667,16.26666667,33.63333333,27.76666667,24.46666667,21.1,17.83333333,14.61666667,18.28333333,20.23333333,25.8,42.3,39.28333333,36.08333333,32.65,29.13333333,25.53333333,22.45,26.05,30.13333333,37.53333333,56,47.36666667,42.28333333,33.51666667,24.31666667
11.03333333,4.033333333,1.533333333,8,7.9,8.15,9.066666667,9.933333333,13.85,20.01666667,10.96666667,17.01666667,21.45,24,23.88333333,21.3,26.35,17.43333333,34.86666667,13.71666667,19.58333333,51.41666667,51.03333333,19.51666667,33.98333333,49.58333333,35.13333333,29.38333333,36.98333333,40.6,47.98333333,43.06666667,27.25,42.15,41.53333333,39.08333333,40.13333333,42.31666667,41.53333333,51.6,49.73333333,66.5,63.3,59,66.9,42.71666667,14.95,70.98333333,41.88333333,69.36666667,15.86666667,9.95,6.733333333,3.283333333,0.15,3.366666667,7.366666667,11.36666667,13.35,22.2,16.58333333,13.3,9.85,6.7,10.03333333,14.1,16.15,20.1,30.2,24.31666667,21.01666667,17.65,14.66666667,17.56666667,21.65,23.6,29.2,38.85,35.9,32.7,29.13333333,25.61666667,22.43333333,23.36666667,27.33333333,31.68333333,34.08333333,54.51666667,48.51666667,43.43333333,34.66666667,25.48333333
16.88333333,9.583333333,8.883333333,0.05,4.366666667,16.85,9.816666667,11.4,10.65,16.71666667,19.63333333,20.28333333,18.2,21.16666667,31.83333333,29.85,27.91666667,25.65,43.15,21.78333333,11.21666667,53.55,59.28333333,27.65,42.21666667,58.13333333,33.23333333,26.18333333,38.73333333,48.76666667,56.15,47.23333333,35.5,50.36666667,49.78333333,47.33333333,48.38333333,50.56666667,49.78333333,53.78333333,58.31666667,68.61666667,65.41666667,59.38333333,73.25,44.83333333,11.76666667,77.61666667,42.5,70.35,23.93333333,18.03333333,14.81666667,11.25,8.233333333,4.466666667,3.666666667,7.633333333,9.65,30.45,24.8,21.51666667,18.26666667,15.08333333,11.61666667,10.88333333,12.9,16.85,38.41666667,32.56666667,29.26666667,26.36666667,23.01666667,19.68333333,18.85,20.8,26.36666667,47.1,44.05,40.85,37.41666667,34.06666667,30.98333333,27.63333333,26.65,31.01666667,42.33333333,61.21666667,52.68333333,47.6,38.83333333,29.65
26.48333333,18.55,18.25,9.05,10.55,26.21666667,16.33333333,20.48333333,17.16666667,13.06666667,29,29.21666667,19.35,20.76666667,41.15,39.23333333,34.43333333,35.48333333,52.88333333,31.66666667,7.7,48.01666667,68.36666667,37.01666667,51.98333333,66.91666667,26.45,19.28333333,41.83333333,57.88333333,65.11666667,55.85,44.96666667,60.18333333,59.6,57.13333333,58.2,60.38333333,59.6,59.46666667,66.96666667,69.36666667,62.95,52.36666667,79,39.61666667,5.35,83.55,35.63333333,63.33333333,33.55,27.53333333,24.26666667,20.33333333,17.31666667,13.55,9.85,5.716666667,3.45,40.23333333,34.63333333,31.03333333,27.35,24.16666667,20.7,17.23333333,15.18333333,10.65,48.23333333,42.01666667,38.71666667,35.35,31.95,28.53333333,24.75,22.63333333,20.03333333,56.9,53.81666667,50.61666667,47.15,43.63333333,39.8,36.95,33.03333333,29.01666667,52.15,69.83333333,60.51666667,55.76666667,46.93333333,38.9
39.13333333,32.4,29.35,37.06666667,36.05,25.43333333,30.46666667,26.4,29.85,33.46666667,18.98333333,17.48333333,27.03333333,26,5.416666667,13.25,11.9,31.86666667,18.65,42.08333333,48.63333333,26.93333333,23.01666667,17.28333333,24.63333333,21.56666667,27.88333333,36.56666667,12.48333333,12.48333333,19.86666667,17.01666667,33.5,19.16666667,35.6,34.65,34.2,36.38333333,35.6,27.35,21.71666667,42.1,38.95,34.5,39.2,18.21666667,40.55,43.3,18.98333333,45,44.2,38.31666667,35.1,31.65,30.03333333,32.51666667,36.51666667,40.51666667,42.05,37.83333333,31.9,28.61666667,25.23333333,22.61666667,25.55,29.58333333,31.61666667,35.13333333,31.16666667,24.58333333,21.11666667,17.91666667,14.46666667,17.58333333,21.46666667,23.41666667,29.03333333,23.8,20.15,16.95,13.06666667,9.65,6.233333333,9.15,13.11666667,17.48333333,29.18333333,26.83333333,21.88333333,17.38333333,8.6,7.366666667
43.93333333,37.2,34.13333333,42.35,41.15,30.23333333,35.75,31.53333333,35.01666667,38,23.78333333,22.28333333,31.6,30.51666667,10.2,18.05,17.21666667,36.65,23.45,46.88333333,53.18333333,23.56666667,17.96666667,22.08333333,28.78333333,16.36666667,32.38333333,41.13333333,9.15,7.333333333,16.5,12.11666667,38.3,22.68333333,38.85,37.91666667,37.45,39.63333333,38.85,21.71666667,16.51666667,37.18333333,35.58333333,31.16666667,34,14.85,45.41666667,38.08333333,23.5,41.63333333,49,43.11666667,39.9,36.45,34.83333333,37.65,41.63333333,44.98333333,46.96666667,42.63333333,36.7,33.41666667,30.03333333,27.41666667,30.68333333,34.78333333,36.11666667,40.05,34.68333333,29.38333333,25.91666667,22.71666667,19.26666667,22.81666667,26.68333333,27.93333333,33.55,27.31666667,24.33333333,21.25,17.86666667,14.33333333,11.03333333,14.28333333,18.36666667,22.01666667,32.45,21.61666667,16.68333333,12.56666667,3.7,12.56666667
25.88333333,17.95,17.5,8.433333333,9.8,25.46666667,15.58333333,19.86666667,16.41666667,12.75,28.25,28.93333333,19.01666667,20.26666667,40.55,38.5,33.73333333,34.7,52.18333333,30.86666667,7.116666667,48.08333333,67.76666667,36.13333333,51.6,66.31666667,26.85,19.73333333,41.31666667,57.28333333,64.61666667,55.23333333,44.48333333,59.56666667,58.86666667,56.41666667,57.46666667,59.65,58.86666667,58.85,66.45,69.6,63.43333333,53.51666667,78.55,39.41666667,5.35,83.13333333,36.08333333,64.3,33,27.11666667,23.68333333,19.75,16.83333333,13.1,9.1,4.95,3.3,39.43333333,33.85,30.56666667,26.76666667,23.7,20.25,16.48333333,14.41666667,10.5,47.8,41.61666667,38.31666667,34.91666667,31.56666667,28.25,24.45,22.35,20.31666667,56.3,53.16666667,49.86666667,46.5,42.93333333,39.56666667,36.25,32.33333333,28.66666667,51.38333333,69.23333333,59.91666667,55.13333333,46.3,38.16666667
29.75,23.03333333,18.05,15.66666667,10.3,16.1,10.2,10.65,7.05,3.416666667,18.88333333,19.55,9.683333333,10.95,31.11666667,29.13333333,24.36666667,25.33333333,42.8,32.7,16.56666667,38.78333333,58.98333333,27.45,42.23333333,57,17.51666667,10.43333333,31.96666667,47.95,55.36666667,46.4,35.11666667,50.2,49.75,47.3,48.35,50.53333333,49.75,49.53333333,57.13333333,60.26666667,54.13333333,44.18333333,69.21666667,30.08333333,4.566666667,73.8,26.75,54.96666667,34.83333333,28.95,25.73333333,22.28333333,19.78333333,15.86666667,11.88333333,7.8,6.133333333,30.16666667,24.48333333,21.2,17.81666667,14.3,10.86666667,7.116666667,5.066666667,1.166666667,38.43333333,32.25,28.95,25.55,22.2,18.88333333,15.08333333,13,11,46.93333333,43.95,40.68333333,37.13333333,33.56666667,30.11666667,26.88333333,22.96666667,19.33333333,42.08333333,59.91666667,50.6,45.81666667,36.98333333,28.8
46.5,39.76666667,36.63333333,37.5,32.06666667,32.8,32.01666667,29.93333333,27.36666667,24.11666667,26.35,21.96666667,20.18333333,17,15.11666667,22.08333333,11.73333333,39.21666667,28.61666667,49.43333333,39.66666667,17.71666667,34.03333333,25.46666667,34.23333333,32.51666667,16.15,25.2,7.466666667,23.46666667,30.86666667,21.41666667,40.86666667,30.06666667,47.13333333,45.05,45.73333333,47.91666667,47.13333333,25.03333333,32.63333333,35.51666667,30.65,24,44.73333333,8.616666667,29.18333333,49.31666667,7.283333333,34.73333333,51.56666667,45.68333333,42.46666667,39.01666667,37.4,36.15,33.73333333,31.45,30.73333333,45.2,39.26666667,35.98333333,32.6,29.91666667,29.18333333,26.96666667,24.86666667,23.81666667,39.23333333,32.5,29.03333333,25.8,22.31666667,21.11666667,18.85,16.68333333,17.63333333,33.95,30.05,26.71666667,23.03333333,19.5,16.3,12.98333333,10.46666667,6.566666667,39.55,35.41666667,26.1,21.31666667,12.48333333,11.06666667
49.95,43.21666667,40.08333333,41.63333333,36.86666667,36.25,36.15,33.38333333,31.5,29.36666667,29.8,25.41666667,24.11666667,21.26666667,18.56666667,25.53333333,15.86666667,42.66666667,32.06666667,52.88333333,44.35,12.76666667,29.43333333,28.91666667,37.68333333,27.96666667,21.23333333,30.3,2.416666667,18.81666667,28.08333333,16.78333333,44.31666667,33.51666667,50.31666667,48.5,48.91666667,51.1,50.31666667,20.48333333,28.08333333,30.35,25.48333333,19.56666667,39.55,3.683333333,34.33333333,44.13333333,12.43333333,30.3,55.01666667,49.13333333,45.91666667,42.46666667,40.85,39.6,37.86666667,36.13333333,35.98333333,48.65,42.71666667,39.43333333,36.05,33.36666667,32.63333333,31.1,29.71666667,29.06666667,42.68333333,35.95,32.48333333,29.25,25.76666667,24.56666667,22.98333333,21.53333333,22.71666667,37.4,33.5,30.16666667,26.48333333,22.95,19.75,16.43333333,14.6,11.41666667,43.91666667,30.86666667,21.55,16.76666667,7.933333333,14.51666667
24.93333333,18.21666667,15.41666667,23.58333333,22.48333333,11.25,16.96666667,12.91666667,16.31666667,19.91666667,4.8,3.55,13.5,12.46666667,9.85,7.05,12.71666667,17.38333333,19.68333333,27.88333333,35.1,37.86666667,35.9,4.266666667,19.31666667,35.11666667,21.48333333,23,23.43333333,25.35,32.7,29.45,18.23333333,27.98333333,27.48333333,25.01666667,26.08333333,28.25,27.48333333,38.3,35.56666667,53.05,49.9,45.45,53.05,29.16666667,26.95,57.13333333,28.25,55.95,30.01666667,24.13333333,20.91666667,17.46666667,15.85,18.96666667,22.98333333,26.98333333,28.51666667,23.16666667,17.51666667,14.28333333,10.81666667,8.7,12,16.05,18.05,21.6,16.21666667,9.383333333,6.05,2.683333333,0.55,4.1,8.1,10.05,15.63333333,24.71666667,20.98333333,17.78333333,14.08333333,10.51666667,8.433333333,9.766666667,13.7,18.05,19.96666667,40.66666667,34.9,29.81666667,21.03333333,11.98333333
42.18333333,35.45,32.33333333,31.6,26.21666667,28.5,26.11666667,25.41666667,21.46666667,18.58333333,22.03333333,17.6,13.6,11.16666667,11.13333333,17.78333333,5.85,34.91666667,24.3,45.13333333,33.83333333,23.16666667,38.38333333,21.15,29.91666667,36.86666667,11.63333333,20.4,11.81666667,27.81666667,35.21666667,25.76666667,36.55,31.13333333,41.95,41,40.55,42.73333333,41.95,29.38333333,36.98333333,40.01666667,35.9,29.51666667,49.06666667,14.16666667,24.35,53.65,10.86666667,40.26666667,47.25,41.36666667,38.15,34.7,33.08333333,31.63333333,27.83333333,25.63333333,25.9,40.88333333,34.95,31.66666667,28.28333333,25.6,24.66666667,21.06666667,19,18.98333333,34.91666667,28.18333333,24.71666667,21.48333333,18,16.6,12.95,10.83333333,12.85,29.63333333,25.73333333,22.4,18.71666667,15.18333333,11.98333333,8.366666667,4.583333333,1.2,35.25,39.76666667,30.45,25.66666667,16.83333333,8.733333333
26.1,19.36666667,16.25,24.45,23.3,12.4,17.85,13.73333333,17.11666667,20.8,5.95,4.383333333,14.38333333,13.33333333,7.75,5.35,11.11666667,18.81666667,18.98333333,29.05,36,36.28333333,35.08333333,4.25,18.43333333,33.71666667,20.4,23.91666667,21.83333333,24.68333333,32.08333333,27.85,20.46666667,27.35,27.31666667,24.85,25.91666667,28.1,27.31666667,36.7,33.86666667,51.45,48.3,43.85,51.35,27.56666667,27.78333333,55.43333333,26.65,54.35,31.16666667,25.28333333,22.06666667,18.61666667,17,19.83333333,23.83333333,27.83333333,29.33333333,24.8,18.86666667,15.58333333,12.2,9.516666667,12.85,16.88333333,18.95,22.41666667,18.28333333,11.55,8.083333333,4.883333333,1.366666667,4.916666667,8.783333333,10.73333333,16.35,24.31666667,20.03333333,16.7,13.26666667,9.7,6.333333333,8.166666667,12.1,16.46666667,19.66666667,38.96666667,33.3,28.21666667,19.43333333,10.38333333
7.633333333,2.45,7.966666667,9.916666667,13.71666667,11.21666667,15,15.78333333,19.58333333,25.71666667,15.5,21.93333333,26.36666667,28.93333333,28.9,23.65,31.26666667,17.53333333,34.83333333,13.73333333,19.31666667,56.41666667,52.33333333,20.68333333,34.43333333,51.65,40.03333333,34.6,41.98333333,41.78333333,48.1,48,27.38333333,42.46666667,41.7,39.23333333,40.3,42.48333333,41.7,56.85,53.45,71.6,68.45,64,70.61666667,47.71666667,21.06666667,74.7,46.8,74.48333333,15.86666667,9.883333333,6.6,4.3,6.366666667,9.416666667,13.01666667,17.01666667,19,22.3,16.78333333,13.36666667,11.33333333,12.33333333,15.8,19.86666667,21.93333333,25.86666667,30.7,24.51666667,21.13333333,19.11666667,19.43333333,22.48333333,26.48333333,28.43333333,34.01666667,39.2,36.38333333,32.95,29.33333333,27.11666667,27.48333333,28.31666667,32.25,36.6,34.21666667,58.23333333,53.43333333,48.36666667,39.58333333,30.53333333
30.83333333,24.1,19.05,16.66666667,11.2,21.03333333,11.18333333,15.58333333,11.98333333,7.816666667,23.81666667,23.91666667,14.13333333,15.31666667,35.45,33.5,28.71666667,30.26666667,47.16666667,33.78333333,17.53333333,38.16666667,63.28333333,31.7,46.56666667,61.76666667,17.53333333,9.816666667,36.63333333,52.71666667,60.11666667,50.66666667,39.7,54.78333333,54.55,52.08333333,53.15,55.31666667,54.55,54.28333333,61.88333333,63.03333333,53.5,43.31666667,73.95,34.4,4.15,78.55,26.26666667,54.1,35.9,30.01666667,26.8,23.35,20.75,16.86666667,12.86666667,8.633333333,6.316666667,35.03333333,29.41666667,26.1,22.73333333,19.21666667,15.8,12.05,9.966666667,5.45,43.01666667,36.6,33.3,29.9,26.55,23.23333333,19.43333333,17.31666667,11.21666667,51.51666667,48.23333333,45.03333333,41.48333333,37.9,34.43333333,31.23333333,27.31666667,23.8,46.9,64.68333333,55.35,50.58333333,41.73333333,33.16666667
22.18333333,15.45,10.4,8.016666667,3.733333333,12.4,2.55,6.933333333,3.333333333,8.283333333,15.16666667,15.85,9.8,12.71666667,27.41666667,25.43333333,20.65,21.61666667,38.85,25.13333333,15.66666667,45.88333333,55.26666667,23.73333333,38.45,53.85,24.75,17.63333333,31.16666667,44.8,51.83333333,42.68333333,31.4,46.48333333,45.9,43.43333333,44.5,46.68333333,45.9,46.36666667,53.96666667,61.05,57.9,51.41666667,67.38333333,37.31666667,7.85,71.98333333,33.98333333,62.2,27.25,21.36666667,18.15,14.7,12.1,8.216666667,4.216666667,7.416666667,9.4,26.38333333,20.76666667,17.45,14.08333333,10.56666667,7.15,3.4,4.45,8.4,34.71666667,28.51666667,25.21666667,21.83333333,18.48333333,15.16666667,11.36666667,12.38333333,18.16666667,43.21666667,40.11666667,36.95,33.41666667,29.85,26.38333333,23.16666667,19.25,22.66666667,38.25,56.76666667,47.45,42.66666667,33.83333333,25.1
14.71666667,7.983333333,3.883333333,11.5,10.4,4.9,4.883333333,5.75,9.666666667,15.73333333,7.683333333,13.38333333,17.21666667,20.18333333,20.35,17.93333333,22.7,14.13333333,31.38333333,17.66666667,23.1,47.86666667,47.78333333,16.13333333,30.98333333,46.23333333,31.46666667,25.2,33.41666667,37.2,44.36666667,39.43333333,23.9,38.98333333,38.43333333,35.96666667,37.03333333,39.21666667,38.43333333,48.28333333,46.38333333,63.03333333,59.88333333,55.45,63.86666667,39.15,15.28333333,67.96666667,38.23333333,65.93333333,19.78333333,13.9,10.68333333,7.233333333,4.633333333,6.866666667,10.88333333,14.9,16.83333333,18.91666667,13.31666667,9.983333333,6.616666667,3.1,5.8,9.9,11.88333333,15.83333333,27.21666667,21.05,17.75,14.38333333,11.03333333,13.85,17.86666667,19.81666667,25.4,35.71666667,32.65,29.48333333,25.95,22.4,18.91666667,19.75,23.68333333,28.05,30.78333333,51.48333333,44.88333333,39.8,31.03333333,21.96666667
14.85,9.566666667,10.56666667,18.33333333,17.68333333,2.2,12.15,8.1,11.51666667,17.03333333,6.816666667,13.25,17.68333333,20.25,20.21666667,12.68333333,22.58333333,7.133333333,24.31666667,17.33333333,30.4,47.73333333,41.2,9.566666667,24.25,40.51666667,31.35,25.91666667,33.3,30.65,37.63333333,39.31666667,16.95,32.03333333,31.58333333,29.13333333,30.18333333,32.36666667,31.58333333,48.16666667,42.31666667,62.91666667,59.76666667,55.31666667,59.48333333,39.03333333,22.56666667,63.56666667,38.11666667,65.8,19.6,13.58333333,10.4,7.466666667,11,14.15,18.18333333,22.18333333,24.13333333,12.21666667,6.283333333,3,0.233333333,3.716666667,7.216666667,11.25,13.31666667,17.25,20.26666667,13.98333333,10.73333333,7.983333333,10.75,13.8,17.8,19.75,25.33333333,28.76666667,25.91666667,22.41666667,18.93333333,16.15,18.8,19.63333333,23.56666667,27.91666667,24.1,47.1,44.76666667,39.68333333,30.9,21.85
31.66666667,25.81666667,26.28333333,34.5,33.48333333,18.28333333,27.88333333,23.88333333,27.26666667,30.88333333,15.15,14.41666667,24.45,23.41666667,4.6,4.633333333,9.516666667,22.98333333,9.266666667,34.18333333,46.05,34.68333333,25.38333333,7.716666667,15.2,24.6,25.31666667,33.98333333,20.23333333,14.83333333,22.23333333,26.38333333,23.88333333,17.88333333,26.91666667,25.98333333,25.51666667,27.7,26.91666667,34.55,26.4,49.85,46.7,42.26666667,43.56666667,25.96666667,37.98333333,47.65,25.05,52.75,36.16666667,30.43333333,27.21666667,23.88333333,26.7,29.96666667,33.93333333,37.95,39.46666667,28.78333333,23.1,19.81666667,16.45,19.55,23,27,29,32.55,21.65,14.91666667,11.45,8.316666667,11.23333333,15.06666667,18.88333333,20.81666667,26.45,14.61666667,10.71666667,7.383333333,3.7,0.166666667,3.166666667,6.733333333,10.66666667,15.03333333,20.21666667,31.18333333,29.51666667,26.7,17.91666667,8.866666667
42.9,37.16666667,37.3,45.51666667,44.45,29.63333333,38.9,34.85,38.2,41.3,26.5,25.43333333,34.91666667,33.83333333,13.36666667,15.98333333,20.35,34.3,19.78333333,44.68333333,56.5,26.86666667,14.78333333,19,25.6,13.93333333,35.7,44.43333333,12.46666667,4.233333333,13.25,15.43333333,34.61666667,19.43333333,35.66666667,34.71666667,34.26666667,36.45,35.66666667,23.88333333,15.73333333,39.35,38.9,34.48333333,32.9,18.16666667,48.71666667,36.98333333,26.81666667,44.93333333,46.81666667,41.78333333,38.61666667,35.16666667,37.73333333,40.96666667,44.95,48.3,50.28333333,39.55,34.4,31.11666667,27.8,30.58333333,34,37.88333333,39.43333333,43.36666667,31.43333333,26.18333333,22.8,19.66666667,22.26666667,26.03333333,30.06666667,31.25,36.86666667,24.06666667,21.15,18.06666667,14.61666667,11.35,14.2,17.6,21.68333333,25.31666667,29.26666667,20.51666667,18.83333333,15.8,7.016666667,15.76666667
24.76666667,18.03333333,14.91666667,22.08333333,21,11.06666667,15.48333333,11.41666667,14.81666667,18.43333333,4.616666667,2.066666667,12,10.96666667,9.883333333,7.483333333,11.6,17.48333333,21.1,27.71666667,33.6,36.76666667,37.31666667,5.683333333,20.73333333,35.78333333,20.3,21.51666667,22.31666667,26.75,34.11666667,28.33333333,19.13333333,29.36666667,28.86666667,26.4,27.46666667,29.65,28.86666667,37.18333333,35.93333333,51.93333333,48.78333333,44.33333333,53.41666667,28.05,25.46666667,57.5,27.13333333,54.83333333,29.83333333,23.95,20.73333333,17.28333333,15.66666667,17.46666667,21.48333333,25.48333333,27.01666667,23.46666667,17.53333333,14.25,10.86666667,8.183333333,10.5,14.55,16.55,20.1,17.6,10.76666667,7.466666667,4.066666667,0.716666667,2.6,6.6,8.55,14.13333333,26.1,22.4,19.2,15.5,11.93333333,8.466666667,8.65,12.58333333,16.95,21.35,41.03333333,33.78333333,28.7,19.91666667,10.86666667
35.41666667,28.68333333,25.15,22.76666667,17.35,21.71666667,17.28333333,16.7,12.63333333,9.883333333,15.26666667,8.733333333,4.733333333,1.516666667,20.25,18.31666667,13.53333333,28.13333333,31.98333333,38.36666667,24.96666667,31.96666667,48.1,16.51666667,31.4,46.15,10.36666667,11.01666667,21.1,37.1,44.76666667,35.53333333,29.78333333,40.01666667,39.51666667,37.05,38.11666667,40.3,39.51666667,38.66666667,46.26666667,49.41666667,44.81666667,37.03333333,58.46666667,22.93333333,14.98333333,63.05,19.6,47.81666667,40.48333333,34.6,31.38333333,27.93333333,26.31666667,22.91666667,18.96666667,16.75,16.51666667,34.11666667,28.18333333,24.9,21.51666667,18.83333333,15.95,12.2,10.15,9.6,28.25,21.41666667,18.11666667,14.71666667,11.36666667,8.05,4.25,2.133333333,3.816666667,36.75,33.05,29.85,26.3,22.71666667,19.25,16.05,12.13333333,8.783333333,32,49.05,39.73333333,34.95,26.11666667,17.96666667
23.01666667,17.8,18.8,26.56666667,25.86666667,10.45,20.35,16.28333333,19.68333333,23.3,7.3,6.933333333,16.86666667,15.83333333,13.23333333,4.833333333,16.08333333,14.25,16.55,25.18333333,37.88333333,41.25,33.35,1.716666667,16.18333333,32.68333333,24.85,26.38333333,26.8,22.81666667,29.56666667,32.81666667,15.1,24.85,24.35,21.88333333,22.95,25.13333333,24.35,41.66666667,34.46666667,56.41666667,53.26666667,48.81666667,51.63333333,32.53333333,30.33333333,55.73333333,31.61666667,59.31666667,27.3,21.68333333,18.55,15.7,19.21666667,22.33333333,26.35,30.36666667,31.88333333,20.03333333,14.38333333,11.15,8.433333333,12.06666667,15.36666667,19.41666667,21.41666667,24.96666667,13.08333333,6.25,2.916666667,0.3,3.916666667,7.466666667,11.46666667,13.41666667,19,21.58333333,17.85,14.65,10.95,8.3,11.8,13.13333333,17.06666667,21.43333333,16.83333333,39.25,37.75,33.18333333,24.4,15.35
